judul	penulis	tahun	abstrak	doi
The Internet and Public Policy	Helen Z Margetts,	10 August 2012
            	First published: 10 August 2012	https://onlinelibrary.wiley.com
Public Policy in the Platform Society	Victoria Nash, Jonathan Bright, Helen Margetts, Vili Lehdonvirta,	11 December 2017
            	First published: 11 December 2017	https://onlinelibrary.wiley.com
Data for Public Policy	Eric T. Meyer, Jon Crowcroft, Zeynep Engin, Anne Alexander,	16 March 2017
            	First published: 16 March 2017	https://onlinelibrary.wiley.com
Public Policy Responses to Cybercrime	Stefan Fafinski,	10 August 2012
            	First published: 10 August 2012	https://onlinelibrary.wiley.com
Crowdsourcing for Public Policy and Government	Vili Lehdonvirta, Jonathan Bright,	03 September 2015
            	First published: 03 September 2015	https://onlinelibrary.wiley.com
Big Data and Public Policy: Can It Succeed Where E-Participation Has Failed?	Jonathan Bright, Helen Margetts,	06 September 2016
            	First published: 06 September 2016	https://onlinelibrary.wiley.com
Soft Data and Public Policy: Can Social Media Offer Alternatives to Official Statistics in Urban Policymaking?	Marta Severo, Amel Feredj, Alberto Romele,	19 July 2016
            	First published: 19 July 2016	https://onlinelibrary.wiley.com
Conditional Citizenship? Electronic Networks and the New Conditionality in Public Policy	Paul Henman,	10 August 2012
            	First published: 10 August 2012	https://onlinelibrary.wiley.com
The ""Social Side"" of Public Policy: Monitoring Online Public Opinion and Its Mobilization During the Policy Cycle	Andrea Ceron, Fedra Negri,	19 April 2016
            	First published: 19 April 2016	https://onlinelibrary.wiley.com
Information Production and Social Value for Public Policy: A Conceptual Modeling Perspective	Gianluigi Viscusi, Carlo Batini,	20 July 2016
            	First published: 20 July 2016	https://onlinelibrary.wiley.com
Coping with the Cornucopia: Can Text Mining Help Handle the Data Deluge in Public Policy Analysis?	Aude Bicquelet, Albert Weale,	10 August 2012
            	First published: 10 August 2012	https://onlinelibrary.wiley.com
Any Thing for Anyone? A New Digital Divide in Internet-of-Things Skills	Alexander J. A. M. van Deursen, Karen Mossberger,	13 February 2018
            	First published: 13 February 2018	https://onlinelibrary.wiley.com
Policy Story or Gory Story? Narrative Policy Framework Analysis of Buffalo Field Campaign's YouTube Videos	Mark K. McBeth, Elizabeth A. Shanahan, Molly C. Arrandale Anderson, Barbara Rose,	23 January 2013
            	First published: 23 January 2013	https://onlinelibrary.wiley.com
Big Data for Policymaking: Great Expectations, but with Limited Progress?	Martijn Poel, Eric T. Meyer, Ralph Schroeder,	15 July 2018
            	First published: 15 July 2018	https://onlinelibrary.wiley.com
Adolescents and Cybercrime: Navigating between Freedom and Control	Simone van der Hof, Bert-Jaap Koops,	10 August 2012
            	First published: 10 August 2012	https://onlinelibrary.wiley.com
A New Frontier in Digital Content Policy: Case Studies in the Regulation of Virtual Goods and Artificial Scarcity	Vili Lehdonvirta, Perttu Virtanen,	10 August 2012
            	First published: 10 August 2012	https://onlinelibrary.wiley.com
Online Campaigning Organizations and Storytelling Strategies: GetUp! in Australia	Ariadne Vromen, William Coleman,	15 March 2013
            	First published: 15 March 2013	https://onlinelibrary.wiley.com
The Fundamentals of Policy Crowdsourcing	John Prpic, Araz Taeihagh, James Melton,	19 August 2015
            	First published: 19 August 2015	https://onlinelibrary.wiley.com
Editorial	Helen Z Margetts,	10 August 2012
            	First published: 10 August 2012	https://onlinelibrary.wiley.com
A New Frontier in Gambling Policy: Internet Wagering as Morality Policy	Kathleen Ferraiolo,	19 April 2016
            	First published: 19 April 2016	https://onlinelibrary.wiley.com
Technology Use, Exposure to Natural Hazards, and Being Digitally Invisible: Implications for Policy Analytics	Justin Longo, Evan Kuras, Holly Smith, David M. Hondula, Erik Johnston,	26 February 2017
            	First published: 26 February 2017	https://onlinelibrary.wiley.com
Videoconferencing, New Public Management, and Organizational Reform in the Judiciary	Laurence Dumoulin, Christian Licoppe,	06 September 2016
            	First published: 06 September 2016	https://onlinelibrary.wiley.com
Coproduction in the U.S. Department of Defense: Examining How the Evolution of Geographic Information Systems (GIS) Expands Non-Traditional Partner Engagement	Aimee L. Franklin, Tara Mott, T. H. Lee Williams,	28 January 2014
            	First published: 28 January 2014	https://onlinelibrary.wiley.com
Traditional and Virtual Shopping Trips: The Taxation of Ecommerce Reconsidered	Aloys Leo Prinz,	10 August 2012
            	First published: 10 August 2012	https://onlinelibrary.wiley.com
E-Governance Policies for Interoperability and Open Standards	Laura DeNardis,	10 August 2012
            	First published: 10 August 2012	https://onlinelibrary.wiley.com
The Chinese Smog Crisis as Media Event: Examining Twitter Discussion of the Documentary Under the Dome	Shuning Lu, Wenhong Chen, Xiaoqian Li, Pei Zheng,	27 October 2018
            	First published: 27 October 2018	https://onlinelibrary.wiley.com
Public Values in the Age of Big Data: A Public Information Perspective	Alex Ingrams,	04 December 2018
            	First published: 04 December 2018	https://onlinelibrary.wiley.com
Editorial	Helen Z Margetts,	10 August 2012
            	First published: 10 August 2012	https://onlinelibrary.wiley.com
Do New Media Support New Policy Narratives? The Social Construction of the U.S.-Mexico Border on YouTube	Donna L. Lybecker, Mark K. McBeth, Maria A. Husmann, Nicholas Pelikan,	08 September 2015
            	First published: 08 September 2015	https://onlinelibrary.wiley.com
Crowdsourcing Ideas as an Emerging Form of Multistakeholder Participation in Internet Governance	Roxana Radu, Nicolo Zingales, Enrico Calandro,	14 August 2015
            	First published: 14 August 2015	https://onlinelibrary.wiley.com
Virtual Policy Networks in Forestry and Climate Change in the U.S. and Canada: Government Nodality, Internationalization and Actor Complexity	Kathleen McNutt, Adam Wellstead,	10 August 2012
            	First published: 10 August 2012	https://onlinelibrary.wiley.com
Government Cloud Computing and National Data Sovereignty	Kristina Irion,	23 January 2013
            	First published: 23 January 2013	https://onlinelibrary.wiley.com
Unpacking the Social Media Bot: A Typology to Guide Research and Policy	Robert Gorwa, Douglas Guilbeault,	10 August 2018
            	First published: 10 August 2018	https://onlinelibrary.wiley.com
Past and Emerging Themes in Policy and Internet Studies	Vili Lehdonvirta,	27 June 2014
            	First published: 27 June 2014	https://onlinelibrary.wiley.com
Tweeting for a cause: Microblogging and environmental advocacy	Melissa K. Merry,	21 October 2013
            	First published: 21 October 2013	https://onlinelibrary.wiley.com
The Impact of e-Government Promotion in Europe: Internet Dependence and Critical Mass	Xavier Fernandez-i-Marin,	10 August 2012
            	First published: 10 August 2012	https://onlinelibrary.wiley.com
What Potential for YouTube as a Policy Deliberation Tool? Commenter Reactions to Videos About the Keystone XL Oil Pipeline	Ryan Deschamps,	18 December 2014
            	First published: 18 December 2014	https://onlinelibrary.wiley.com
Understanding Unemployment in the Era of Big Data: Policy Informed by Data-Driven Theory	Omar A. Guerrero, Eduardo Lopez,	26 October 2016
            	First published: 26 October 2016	https://onlinelibrary.wiley.com
Governments and Citizens Getting to Know Each Other? Open, Closed, and Big Data in Public Management Reform	Amanda Clarke, Helen Margetts,	18 December 2014
            	First published: 18 December 2014	https://onlinelibrary.wiley.com
Crossing the Digital Desert in Sub-Saharan Africa: Does Policy Matter?	Robert Wentrup, Xiangxuan Xu, H. Richard Nakamura, Patrik Strom,	06 August 2016
            	First published: 06 August 2016	https://onlinelibrary.wiley.com
Technology for Transparency: The Case of the Web-Based Dutch National Health Portal	Hans C. Ossebaard, Lisette van Gemert-Pijnen, Erwin R. Seydel,	10 August 2012
            	First published: 10 August 2012	https://onlinelibrary.wiley.com
The Case Against Mass E-mails: Perverse Incentives and Low Quality Public Participation in U.S. Federal Rulemaking	Stuart W Shulman,	10 August 2012
            	First published: 10 August 2012	https://onlinelibrary.wiley.com
Should We Regulate Digital Platforms? A New Framework for Evaluating Policy Options	Pieter Nooren, Nicolai van Gorp, Nico van Eijk, Ronan O Fathaigh,	10 August 2018
            	First published: 10 August 2018	https://onlinelibrary.wiley.com
The Transposition of European Union Open Data/Public Sector Information Policies in Greece: A Critical Analysis	Prodromos Tsiavos, Petros Stefaneas, Theodoros Karounos,	28 January 2014
            	First published: 28 January 2014	https://onlinelibrary.wiley.com
Addressing the policy challenges and opportunities of ""Big data""	Helen Margetts, David Sutcliffe,	22 July 2013
            	First published: 22 July 2013	https://onlinelibrary.wiley.com
Issue Information		06 September 2016
            	First published: 06 September 2016	https://onlinelibrary.wiley.com
Issue Information		16 March 2017
            	First published: 16 March 2017	https://onlinelibrary.wiley.com
Issue Information		08 June 2016
            	First published: 08 June 2016	https://onlinelibrary.wiley.com
Transparency of Public Decision-Making: Towards Trust in Local Government?	Stephan G. Grimmelikhuijsen,	10 August 2012
            	First published: 10 August 2012	https://onlinelibrary.wiley.com
Issue Information		03 September 2015
            	First published: 03 September 2015	https://onlinelibrary.wiley.com
Issue Information		11 December 2017
            	First published: 11 December 2017	https://onlinelibrary.wiley.com
Special Issue on ""Online Collective Action and Policy Change""	Andrea Calderaro, Anastasia Kavada,	15 March 2013
            	First published: 15 March 2013	https://onlinelibrary.wiley.com
An Economic Perspective on a U.S. National Broadband Plan	Robert Hahn, Scott J. Wallsten,	10 August 2012
            	First published: 10 August 2012	https://onlinelibrary.wiley.com
Greater Choice and Control? Health Policy in England and the Online Health Consumer	John A. Powell, Sharon Boden,	10 August 2012
            	First published: 10 August 2012	https://onlinelibrary.wiley.com
Issue Information		23 January 2013
            	First published: 23 January 2013	https://onlinelibrary.wiley.com
Issue Information		07 June 2018
            	First published: 07 June 2018	https://onlinelibrary.wiley.com
Issue Information		18 December 2014
            	First published: 18 December 2014	https://onlinelibrary.wiley.com
Issue Information		10 March 2016
            	First published: 10 March 2016	https://onlinelibrary.wiley.com
Editorial	Helen Z. Margetts,	10 August 2012
            	First published: 10 August 2012	https://onlinelibrary.wiley.com
Issue Information		24 March 2015
            	First published: 24 March 2015	https://onlinelibrary.wiley.com
Issue Information		07 September 2017
            	First published: 07 September 2017	https://onlinelibrary.wiley.com
Issue Information		27 June 2014
            	First published: 27 June 2014	https://onlinelibrary.wiley.com
Issue Information		09 June 2017
            	First published: 09 June 2017	https://onlinelibrary.wiley.com
Issue Information		16 May 2014
            	First published: 16 May 2014	https://onlinelibrary.wiley.com
Issue Information		04 June 2015
            	First published: 04 June 2015	https://onlinelibrary.wiley.com
Issue Information		08 December 2016
            	First published: 08 December 2016	https://onlinelibrary.wiley.com
Issue Information		17 September 2014
            	First published: 17 September 2014	https://onlinelibrary.wiley.com
Issue Information		21 October 2013
            	First published: 21 October 2013	https://onlinelibrary.wiley.com
Issue Information		06 March 2018
            	First published: 06 March 2018	https://onlinelibrary.wiley.com
Issue Information		10 September 2018
            	First published: 10 September 2018	https://onlinelibrary.wiley.com
Issue Information		07 December 2015
            	First published: 07 December 2015	https://onlinelibrary.wiley.com
Issue Information		23 December 2018
            	First published: 23 December 2018	https://onlinelibrary.wiley.com
Complementaries and Contradictions: National Security and Privacy Risks in U.S. Federal Policy, 1968-2018	Ido Sivan-Sevilla,	22 November 2018
            	First published: 22 November 2018	https://onlinelibrary.wiley.com
Editorial	Helen Z Margetts,	10 August 2012
            	First published: 10 August 2012	https://onlinelibrary.wiley.com
Editorial	Helen Z Margetts,	10 August 2012
            	First published: 10 August 2012	https://onlinelibrary.wiley.com
Issue Information		15 March 2013
            	First published: 15 March 2013	https://onlinelibrary.wiley.com
Issue Information		28 January 2014
            	First published: 28 January 2014	https://onlinelibrary.wiley.com
Nudges That Promote Channel Shift: A Randomized Evaluation of Messages to Encourage Citizens to Renew Benefits Online	Peter John, Toby Blume,	17 March 2017
            	First published: 17 March 2017	https://onlinelibrary.wiley.com
The Intergovernmental Politics of Internet Sales Taxation in the United States	Mitchel Norman Herian,	10 August 2012
            	First published: 10 August 2012	https://onlinelibrary.wiley.com
Do Citizens Trust Electronic Participatory Budgeting? Public Expression in Online Forums as an Evaluation Method in Belo Horizonte	Samuel A. R. Barros, Rafael C. Sampaio,	04 August 2016
            	First published: 04 August 2016	https://onlinelibrary.wiley.com
Assessing the Online Legislative Resources of the American States	Taofang Huang, David L. Leal, Byung-Jae Lee, Jill Strube,	23 January 2013
            	First published: 23 January 2013	https://onlinelibrary.wiley.com
Online Political Mobilization from the Advocacy Group's Perspective: Looking Beyond Clicktivism	David Karpf,	10 August 2012
            	First published: 10 August 2012	https://onlinelibrary.wiley.com
Issue Information		22 July 2013
            	First published: 22 July 2013	https://onlinelibrary.wiley.com
Freedom of Expression and the Verification of Identity Policy in Korea	Yu Jung Choi, Setbyol Choi, Myoung-Jin Lee,	23 January 2013
            	First published: 23 January 2013	https://onlinelibrary.wiley.com
Self-Regulation of Online Advertising: A Lesson From a Failure	Avshalom Ginosar,	17 September 2014
            	First published: 17 September 2014	https://onlinelibrary.wiley.com
What Are the Police Doing on Twitter? Social Media, the Police and the Public	Jeremy Crump,	10 August 2012
            	First published: 10 August 2012	https://onlinelibrary.wiley.com
In Defense of Data: Information and the Costs of Privacy	Thomas M. Lenard, Paul H. Rubin,	10 August 2012
            	First published: 10 August 2012	https://onlinelibrary.wiley.com
Editorial	Helen Z Margetts,	10 August 2012
            	First published: 10 August 2012	https://onlinelibrary.wiley.com
Networked Collective Action and the Institutionalized Policy Debate: Bringing Cyberactivism to the Policy Arena?	Stefania Milan, Arne Hintz,	15 March 2013
            	First published: 15 March 2013	https://onlinelibrary.wiley.com
From Privacy Pragmatist to Privacy Resigned: Challenging Narratives of Rational Choice in Digital Privacy Debates	Nora A. Draper,	29 November 2016
            	First published: 29 November 2016	https://onlinelibrary.wiley.com
Broadening Participation Through E-Petitions? An Empirical Study of Petitions to the German Parliament	Ralf Lindner, Ulrich Riehm,	10 August 2012
            	First published: 10 August 2012	https://onlinelibrary.wiley.com
Is the U.S. Government's Internet Policy Broken?	Robert Hahn, Hal Singer,	21 October 2013
            	First published: 21 October 2013	https://onlinelibrary.wiley.com
Why Choose Open Government? Motivations for the Adoption of Open Government Policies in Four European Countries	Emiliana De Blasio, Donatella Selva,	19 July 2016
            	First published: 19 July 2016	https://onlinelibrary.wiley.com
Police Operations 3.0: On the Impact and Policy Implications of Police Operations on the Warez Scene	David Decary-Hetu,	17 September 2014
            	First published: 17 September 2014	https://onlinelibrary.wiley.com
Collecting vertical trace data: Big possibilities and big challenges for multi-method research	Ericka Menchen-Trevino,	21 October 2013
            	First published: 21 October 2013	https://onlinelibrary.wiley.com
Do Americans Want a Right to be Forgotten? Estimating Public Support for Digital Erasure Legislation	Leticia Bode, Meg Leta Jones,	18 July 2018
            	First published: 18 July 2018	https://onlinelibrary.wiley.com
Crisis Mapping Intelligence Information During the Libyan Civil War: An Exploratory Case Study	Steve Stottlemyre, Sonia Stottlemyre,	23 January 2013
            	First published: 23 January 2013	https://onlinelibrary.wiley.com
Online Public Engagement in the Obama Administration: Building a Democracy Bubble?	Thomas A. Bryer,	10 August 2012
            	First published: 10 August 2012	https://onlinelibrary.wiley.com
Crowdsourcing Public Opinion Using Urban Pervasive Technologies: Lessons From Real-Life Experiments in Oulu	Simo Hosio, Jorge Goncalves, Vassilis Kostakos, Jukka Riekki,	19 April 2015
            	First published: 19 April 2015	https://onlinelibrary.wiley.com
Searching for the Public in Internet Governance: Examining Infrastructures of Participation at NETmundial	Sarah Myers West,	26 February 2017
            	First published: 26 February 2017	https://onlinelibrary.wiley.com
eHealth: What is Needed at the Policy Level?	Rik Crutzen, Guodong (Gordon) Gao,	10 August 2012
            	First published: 10 August 2012	https://onlinelibrary.wiley.com
Slacktivist USA and Authoritarian China? Comparing Two Political Public Spheres With a Random Sample of Social Media Users	Gillian Bolsover,	31 October 2018
            	First published: 31 October 2018	https://onlinelibrary.wiley.com
Investigating Political Polarization on Twitter: A Canadian Perspective	Anatoliy Gruzd, Jeffrey Roy,	16 May 2014
            	First published: 16 May 2014	https://onlinelibrary.wiley.com
Cyber Hate Speech on Twitter: An Application of Machine Classification and Statistical Modeling for Policy and Decision Making	Pete Burnap, Matthew L. Williams,	22 April 2015
            	First published: 22 April 2015	https://onlinelibrary.wiley.com
Internet Taxation and Principles of Good Tax Policy	Annette Nellen,	10 August 2012
            	First published: 10 August 2012	https://onlinelibrary.wiley.com
When Does Public Participation Make a Difference? Evidence From Iceland's Crowdsourced Constitution	Alexander Hudson,	18 December 2017
            	First published: 18 December 2017	https://onlinelibrary.wiley.com
Incentivizing Out-of-State Vendor Compliance with Sales Tax Revenue Rebates	Geoffrey Propheter,	10 August 2012
            	First published: 10 August 2012	https://onlinelibrary.wiley.com
Fundamental Policy Considerations for the Regulation of Internet Cross-Border Privacy Issues	Dan J.B. Svantesson,	10 August 2012
            	First published: 10 August 2012	https://onlinelibrary.wiley.com
Connected and concerned: Variation in parents' online safety concerns	danah boyd, Eszter Hargittai,	21 October 2013
            	First published: 21 October 2013	https://onlinelibrary.wiley.com
The Essential Internet: Digital Exclusion in Low-Income American Communities	Alison Powell, Amelia Bryne, Dharma Dailey,	10 August 2012
            	First published: 10 August 2012	https://onlinelibrary.wiley.com
Government 2.0? Technology, Trust and Collaboration in the UAE Public Sector	Fadi Salem, Yasar Jarrar,	10 August 2012
            	First published: 10 August 2012	https://onlinelibrary.wiley.com
Does Public Investment in ICTs Improve Learning Performance? Evidence From Italy	Marco Gui, Andrea Parma, Simona Comi,	05 February 2018
            	First published: 05 February 2018	https://onlinelibrary.wiley.com
Insiders and Outsiders: Presentation of Self on Canadian Parliamentary Websites and Newsletters	Royce Koop, Alex Marland,	23 January 2013
            	First published: 23 January 2013	https://onlinelibrary.wiley.com
Data Intelligence for Local Government? Assessing the Benefits and Barriers to Use of Big Data in the Public Sector	Fola Malomo, Vania Sena,	13 December 2016
            	First published: 13 December 2016	https://onlinelibrary.wiley.com
Privacy Expectations of Social Media Users: The Role of Informed Consent in Privacy Policies	Bart Custers, Simone van der Hof, Bart Schermer,	17 September 2014
            	First published: 17 September 2014	https://onlinelibrary.wiley.com
Internet Diffusion and Implications for Taxation: Evidence from U.S. Cigarette Sales	Rajeev K. Goel, Michael A. Nelson,	10 August 2012
            	First published: 10 August 2012	https://onlinelibrary.wiley.com
A Public-Private Partnership Model for National Cybersecurity	Malcolm Shore, Yi Du, Sherali Zeadally,	10 August 2012
            	First published: 10 August 2012	https://onlinelibrary.wiley.com
Politicians and the Policy Agenda: Does Use of Twitter by the U.S. Congress Direct New York Times Content?	Matthew A. Shapiro, Libby Hemphill,	04 August 2016
            	First published: 04 August 2016	https://onlinelibrary.wiley.com
Fraud in Medical Crowdfunding: A Typology of Publicized Cases and Policy Recommendations	Marco Zenone, Jeremy Snyder,	28 October 2018
            	First published: 28 October 2018	https://onlinelibrary.wiley.com
Success Without Strategy: E-Government Development in Estonia	Meelis Kitsing,	10 August 2012
            	First published: 10 August 2012	https://onlinelibrary.wiley.com
The Potential of Participedia as a Crowdsourcing Tool for Comparative Analysis of Democratic Innovations	Graham Smith, Robert C. Richards, John Gastil,	12 May 2015
            	First published: 12 May 2015	https://onlinelibrary.wiley.com
Mapping the public agenda with topic modeling: The case of the Russian livejournal	Olessia Koltsova, Sergei Koltcov,	22 July 2013
            	First published: 22 July 2013	https://onlinelibrary.wiley.com
Bridging Normative Democratic Theory and Internet Technologies: A Proposal for Scaling Citizen Policy Deliberations	Vanessa Liston, Clodagh Harris, Mark O'Toole,	28 January 2014
            	First published: 28 January 2014	https://onlinelibrary.wiley.com
Factors Influencing Internet Gamblers' Use of Offshore Online Gambling Sites: Policy Implications	Sally M. Gainsbury, Brett Abarbanel, Alex Blaszczynski,	18 July 2018
            	First published: 18 July 2018	https://onlinelibrary.wiley.com
Deliberating Environmental Policy Issues: Comparing the Learning Potential of Online and Face-To-Face Discussions on Climate Change	Julien Talpin, Stephanie Wojcik,	10 August 2012
            	First published: 10 August 2012	https://onlinelibrary.wiley.com
Early Adolescents' Use of Social Networking Sites to Maintain Friendship and Explore Identity: Implications for Policy	Barbie H Clarke,	10 August 2012
            	First published: 10 August 2012	https://onlinelibrary.wiley.com
Contemplating Criminal Liability for the Consequences of Unlawful Data Disclosure	Emily Finch,	10 August 2012
            	First published: 10 August 2012	https://onlinelibrary.wiley.com
New Problems, New Publics? Dewey and New Media	Henry Farrell,	27 June 2014
            	First published: 27 June 2014	https://onlinelibrary.wiley.com
The Domestication of Open Government Data Advocacy in the United Kingdom: A Neo-Gramscian Analysis	Jo Bates,	15 March 2013
            	First published: 15 March 2013	https://onlinelibrary.wiley.com
Population as Auditor of an Election Process in Honduras: The Case of the VotoSocial Crowdsourcing Platform	Carlos R. Arias, Jorge Garcia, Alejandro Corpeno,	28 April 2015
            	First published: 28 April 2015	https://onlinelibrary.wiley.com
A Systematic Review of Online Deliberation Research	Dennis Friess, Christiane Eilders,	19 August 2015
            	First published: 19 August 2015	https://onlinelibrary.wiley.com
The Application of Net Neutrality to Wireless Networks Based on Network Architecture	Scott Jordan,	10 August 2012
            	First published: 10 August 2012	https://onlinelibrary.wiley.com
Birth of a Movement: The Anti-Counterfeiting Trade Agreement and the Politicization of Mexican Copyright	Blayne Haggart,	16 May 2014
            	First published: 16 May 2014	https://onlinelibrary.wiley.com
Digital Divides in Urban E-Government in South Korea: Exploring Differences in Municipalities' Use of the Internet for Environmental Governance	Joon Hyoung Lim,	10 August 2012
            	First published: 10 August 2012	https://onlinelibrary.wiley.com
Toward Area-Smart Data Science: Critical Questions for Working With Big Data From China	Daniela Stockmann,	23 December 2018
            	First published: 23 December 2018	https://onlinelibrary.wiley.com
'Anti-social' Networking in Northern Ireland: Policy Responses to Young People's Use of Social Media for Organizing Anti-social Behavior	Paul Reilly,	10 August 2012
            	First published: 10 August 2012	https://onlinelibrary.wiley.com
Requiem for a Dream: On Advancing Human Rights via Internet Architecture	Milton L. Mueller, Farzaneh Badiei,	15 November 2018
            	First published: 15 November 2018	https://onlinelibrary.wiley.com
The Rise of the Mediating Citizen: Time, Space, and Citizenship in the Crowdsourcing of Finnish Legislation	Taneli Heikka,	19 August 2015
            	First published: 19 August 2015	https://onlinelibrary.wiley.com
Anonymity in a World of Digital Books: Google Books, Privacy, and the Freedom to Read	Elisabeth A. Jones, Joseph W. Janes,	10 August 2012
            	First published: 10 August 2012	https://onlinelibrary.wiley.com
Activism and the Online Mediation Opportunity Structure: Attempts to Impact Global Climate Change Policies?	Julie Uldam,	15 March 2013
            	First published: 15 March 2013	https://onlinelibrary.wiley.com
The Political Click: Political Participation through E-Petitions in Germany	Andreas Jungherr, Pascal Jurgens,	10 August 2012
            	First published: 10 August 2012	https://onlinelibrary.wiley.com
Compliance or Obscurity? Online Anonymity as a Consequence of Fighting Unauthorised File-sharing	Stefan Larsson, Mans Svensson,	10 August 2012
            	First published: 10 August 2012	https://onlinelibrary.wiley.com
Tweets That Resonate: Information Flows and the Growth of Twitter's Universal Basic Income Discussion Space	Jeff Hemsley, Martha Garcia-Murillo, Ian P. MacInnes,	15 July 2018
            	First published: 15 July 2018	https://onlinelibrary.wiley.com
Outsourcing Democracy: Losing Control of e-Voting in the Netherlands	Anne-Marie Oostveen,	10 August 2012
            	First published: 10 August 2012	https://onlinelibrary.wiley.com
A Broken System of Self-Regulation of Privacy Online? Surveillance, Control, and Limits of User Features in U.S. Websites	Yong Jin Park,	18 December 2014
            	First published: 18 December 2014	https://onlinelibrary.wiley.com
Challenging Challenge Questions: An Experimental Analysis of Authentication Technologies and User Behaviour	Mike Just, David Aspinall,	10 August 2012
            	First published: 10 August 2012	https://onlinelibrary.wiley.com
Micro-Mobilization, Social Media and Coping Strategies: Some Dutch Experiences	Victor Bekkers, Rebecca Moody, Arthur Edwards,	10 August 2012
            	First published: 10 August 2012	https://onlinelibrary.wiley.com
Search Engines Matter: From Educating Users Towards Engaging with Online Health Information Practices	Astrid Mager,	10 August 2012
            	First published: 10 August 2012	https://onlinelibrary.wiley.com
The Trouble with Transparency: A Critical Review of Openness in e-Government	Frank Bannister, Regina Connolly,	10 August 2012
            	First published: 10 August 2012	https://onlinelibrary.wiley.com
National Identity, Ideological Apparatus, or Panopticon? A Case Study of the Chinese National Search Engine Jike	Min Jiang, Kristen Okamoto,	16 May 2014
            	First published: 16 May 2014	https://onlinelibrary.wiley.com
Assessing the Link Between Online Mass Media and Trust in Government: Evidence From Seoul, South Korea	Gregory A. Porumbescu,	28 January 2014
            	First published: 28 January 2014	https://onlinelibrary.wiley.com
Barriers to the Open Government Data Agenda: Taking a Multi-Level Perspective	Chris Martin,	17 September 2014
            	First published: 17 September 2014	https://onlinelibrary.wiley.com
Elite Tweets: Analyzing the Twitter Communication Patterns of Labour Party Peers in the House of Lords	Ana Adi, Kristofer Erickson, Darren G. Lilleker,	16 May 2014
            	First published: 16 May 2014	https://onlinelibrary.wiley.com
Patient Trust in Internet-based Health Records: An Analysis Across Operator Types and Levels of Patient Involvement in Germany	Ulrike Rauer,	10 August 2012
            	First published: 10 August 2012	https://onlinelibrary.wiley.com
The Influence of Group Communication, Government-Citizen Interaction, and Perceived Importance of New Media on Online Political Discussion	Na Liu, Xinzhi Zhang,	28 January 2014
            	First published: 28 January 2014	https://onlinelibrary.wiley.com
Online Civic Activism: Where Does It Fit?	Deen Freelon,	27 June 2014
            	First published: 27 June 2014	https://onlinelibrary.wiley.com
The Medium and the Movement: Digital Tools, Social Movement Politics, and the End of the Free Rider Problem	Zeynep Tufekci,	27 June 2014
            	First published: 27 June 2014	https://onlinelibrary.wiley.com
Constructing a Data-Driven Society: China's Social Credit System as a State Surveillance Infrastructure	Fan Liang, Vishnupriya Das, Nadiya Kostyuk, Muzammil M. Hussain,	02 August 2018
            	First published: 02 August 2018	https://onlinelibrary.wiley.com
Response Scales in Voting Advice Applications: Do Different Designs Produce Different Outcomes?	Martin Rosema, Tom Louwerse,	24 October 2016
            	First published: 24 October 2016	https://onlinelibrary.wiley.com
Predicting Internet Use as a Source of Health Information: A ""Language Divide"" Among the Hispanic Population in the United States	Maria De Jesus, Chenyang Xiao,	10 August 2012
            	First published: 10 August 2012	https://onlinelibrary.wiley.com
Wedge Politics: Mapping Voter Attitudes to Asylum Seekers Using Large-Scale Data During the Australian 2013 Federal Election Campaign	Andrea Carson, Yannick Dufresne, Aaron Martin,	29 August 2016
            	First published: 29 August 2016	https://onlinelibrary.wiley.com
How Social Media Construct ""Truth"" Around Crisis Events: Weibo's Rumor Management Strategies After the 2015 Tianjin Blasts	Jing Zeng, Chung-hong Chan, King-wa Fu,	26 July 2017
            	First published: 26 July 2017	https://onlinelibrary.wiley.com
Civic Identity and the Question of Organization in Contemporary Civic Engagement	Chris Wells,	27 June 2014
            	First published: 27 June 2014	https://onlinelibrary.wiley.com
Hyperlinks as Political Resources: The European Commission Confronted with Online Activism	Romain Badouard, Laurence Monnoyer-Smith,	15 March 2013
            	First published: 15 March 2013	https://onlinelibrary.wiley.com
Something Old and Something New: A Comment on ""New Media, New Civics""	Jennifer Earl,	27 June 2014
            	First published: 27 June 2014	https://onlinelibrary.wiley.com
Participation, Civics and Your Next Coffee Maker	Philip N. Howard,	27 June 2014
            	First published: 27 June 2014	https://onlinelibrary.wiley.com
Fighting Hate and Bigotry on the Internet	Raphael Cohen-Almagor,	10 August 2012
            	First published: 10 August 2012	https://onlinelibrary.wiley.com
The Development of Japanese Data Protection	Andrew A Adams, Kiyoshi Murata, Yohko Orito,	10 August 2012
            	First published: 10 August 2012	https://onlinelibrary.wiley.com
Competing Visions of eDemocracy in Greenland: Negotiations of Power in Online Political Participation	Andreas Moller Jorgensen,	12 August 2016
            	First published: 12 August 2016	https://onlinelibrary.wiley.com
Digital Governance and Institutional Change: Examining the Role of E-Government in China's Coal Sector	Jesper Schlaeger,	10 August 2012
            	First published: 10 August 2012	https://onlinelibrary.wiley.com
Echo Chambers and Online Radicalism: Assessing the Internet's Complicity in Violent Extremism	Kieron O'Hara, David Stevens,	19 April 2015
            	First published: 19 April 2015	https://onlinelibrary.wiley.com
Voting Advice Applications in Lithuania: Promoting Programmatic Competition or Breeding Populism?	Ain Ramonaite,	10 August 2012
            	First published: 10 August 2012	https://onlinelibrary.wiley.com
The Impact of Online Social Networks on Health and Health Systems: A Scoping Review and Case Studies	Frances Griffiths, Tim Dobermann, Jonathan A. K. Cave, Margaret Thorogood, Samantha Johnson, Kave Salamatian, Francis X. Gomez Olive, Jane Goudge,	01 September 2015
            	First published: 01 September 2015	https://onlinelibrary.wiley.com
Blocking and Removing Illegal Child Sexual Content: Analysis from a Technical and Legal Perspective	Karel Demeyer, Eva Lievens, Jos Dumortier,	23 January 2013
            	First published: 23 January 2013	https://onlinelibrary.wiley.com
Increasing the Reach of Government Social Media: A Case Study in Modeling Government-Citizen Interaction on Facebook	Jorge Goncalves, Yong Liu, Bin Xiao, Saad Chaudhry, Simo Hosio, Vassilis Kostakos,	24 March 2015
            	First published: 24 March 2015	https://onlinelibrary.wiley.com
Note on the Budget of the European Union and an Internet Communication Tax	Auke R. Leen,	10 August 2012
            	First published: 10 August 2012	https://onlinelibrary.wiley.com
Does the Internet Encourage Political Participation? Use of an Online Platform by Members of a German Political Party	Katharina Gerl, Stefan Marschall, Nadja Wilker,	24 April 2017
            	First published: 24 April 2017	https://onlinelibrary.wiley.com
Human Rights by Design: The Responsibilities of Social Media Platforms to Address Gender-Based Violence Online	Nicolas Suzor, Molly Dragiewicz, Bridget Harris, Rosalie Gillett, Jean Burgess, Tess Van Geelen,	29 September 2018
            	First published: 29 September 2018	https://onlinelibrary.wiley.com
Multistakeholderism in Praxis: The Case of the Regional and National Internet Governance Forum (IGF) Initiatives	Dmitry Epstein, Brandie M. Nonnecke,	17 April 2016
            	First published: 17 April 2016	https://onlinelibrary.wiley.com
Editorial	Helen Z Margetts,	10 August 2012
            	First published: 10 August 2012	https://onlinelibrary.wiley.com
Gambling Games on Social Platforms: How Do Advertisements for Social Casino Games Target Young Adults?	Brett Abarbanel, Sally M. Gainsbury, Daniel King, Nerilee Hing, Paul H. Delfabbro,	26 September 2016
            	First published: 26 September 2016	https://onlinelibrary.wiley.com
Towards a More Participatory Style of Election Campaigning: The Impact of Web 2.0 on the UK 2010 General Election	Darren G Lilleker, Nigel A. Jackson,	10 August 2012
            	First published: 10 August 2012	https://onlinelibrary.wiley.com
Targeting Voters via the Web - A Comparative Structural Analysis of Austrian and German Party Websites	Uta Russmann,	10 August 2012
            	First published: 10 August 2012	https://onlinelibrary.wiley.com
Campaigning Online: Use of the Internet by Parties, Candidates and Voters in National and Local Election Campaigns in Israel	Azi Lev-On,	10 August 2012
            	First published: 10 August 2012	https://onlinelibrary.wiley.com
Does Institutional Setting Affect Legislators' Use of Twitter?	John A. Scherpereel, Jerry Wohlgemuth, Audrey Lievens,	07 August 2017
            	First published: 07 August 2017	https://onlinelibrary.wiley.com
Searching for a ""Plan B"": Young Adults' Strategies for Finding Information about Emergency Contraception Online	Eszter Hargittai, Heather Young,	10 August 2012
            	First published: 10 August 2012	https://onlinelibrary.wiley.com
Editorial	Rajeev K. Goel, Michael A. Nelson,	10 August 2012
            	First published: 10 August 2012	https://onlinelibrary.wiley.com
Design Matters! An Empirical Analysis of Online Deliberation on Different News Platforms	Katharina Esau, Dennis Friess, Christiane Eilders,	04 August 2017
            	First published: 04 August 2017	https://onlinelibrary.wiley.com
New Media, New Civics?	Ethan Zuckerman,	27 June 2014
            	First published: 27 June 2014	https://onlinelibrary.wiley.com
Corruption and Software Piracy: A Comparative Perspective	Antonio R. Andres, Rajeev K. Goel,	10 August 2012
            	First published: 10 August 2012	https://onlinelibrary.wiley.com
Inside the Black Box of Internet Adoption: The Role of Migration and Networking in Internet Penetration in West Africa	Linnet Taylor,	19 April 2015
            	First published: 19 April 2015	https://onlinelibrary.wiley.com
The Impact of Voting Advice Applications on Electoral Preferences: A Field Experiment in the 2014 Quebec Election	Valerie-Anne Maheo,	18 October 2016
            	First published: 18 October 2016	https://onlinelibrary.wiley.com
Detecting Platform Effects in Online Discussions	Pablo Aragon, Vicenc Gomez, Andreas Kaltenbrunner,	04 August 2017
            	First published: 04 August 2017	https://onlinelibrary.wiley.com
Finding the Key Players in Online Child Exploitation Networks	Bryce G Westlake, Martin Bouchard, Richard Frank,	10 August 2012
            	First published: 10 August 2012	https://onlinelibrary.wiley.com
A Revolution in 140 Characters? Reflecting on the Role of Social Networking Technologies in the 2009 Iranian Post-Election Protests	Philipp S. Mueller, Sophie van Huellen,	23 January 2013
            	First published: 23 January 2013	https://onlinelibrary.wiley.com
Responsible journalism? WikiLeaks, the diplomatic cables and freedom of expression in a U.K. context	Damian Tambini,	21 October 2013
            	First published: 21 October 2013	https://onlinelibrary.wiley.com
An Alarming Prognosis: How People Affected by Pancreatic Cancer Use (and Avoid) Internet Information	Alison Chapple, Julie Evans, Sue Ziebland,	10 August 2012
            	First published: 10 August 2012	https://onlinelibrary.wiley.com
Digital Protest Skills and Online Activism Against Copyright Reform in France and the European Union	Yana Breindl, Francois Briatte,	15 March 2013
            	First published: 15 March 2013	https://onlinelibrary.wiley.com
What Platforms Mean When They Talk About Human Rights	Rikke Frank Jorgensen,	29 May 2017
            	First published: 29 May 2017	https://onlinelibrary.wiley.com
Does Crowdsourcing Legislation Increase Political Legitimacy? The Case of Avoin Ministerio in Finland	Henrik Serup Christensen, Maija Karjalainen, Laura Nurminen,	24 March 2015
            	First published: 24 March 2015	https://onlinelibrary.wiley.com
Do Presumed Online Media Effects Have an Influence on the Online Activities of Politicians?	Uli Bernhard, Marco Dohle, Gerhard Vowe,	23 December 2015
            	First published: 23 December 2015	https://onlinelibrary.wiley.com
Predicting Sense of Community and Participation by Applying Machine Learning to Open Government Data	Alessandro Piscopo, Ronald Siebes, Lynda Hardman,	16 March 2017
            	First published: 16 March 2017	https://onlinelibrary.wiley.com
Inequality in Local Digital Politics: How Different Preconditions for Citizen Engagement Can Be Explained	Gustav Liden,	12 August 2016
            	First published: 12 August 2016	https://onlinelibrary.wiley.com
Crowdsourced Corruption Reporting: What Petrified Forests, Street Music, Bath Towels, and the Taxman Can Tell Us About the Prospects for Its Future	Dieter Zinnbauer,	24 March 2015
            	First published: 24 March 2015	https://onlinelibrary.wiley.com
Effects of Voting Advice Applications (VAAs) on Political Knowledge About Party Positions	Martin Schultze,	16 May 2014
            	First published: 16 May 2014	https://onlinelibrary.wiley.com
Social science in the era of big data	Sandra Gonzalez-Bailon,	22 July 2013
            	First published: 22 July 2013	https://onlinelibrary.wiley.com
Electronic Regimes: Democracy and Geopolitical Strategies in Digital Networks	Mauro Santaniello, Francesco Amoretti,	28 January 2014
            	First published: 28 January 2014	https://onlinelibrary.wiley.com
Agenda Setting in a Digital Age: Tracking Attention to California Proposition 8 in Social Media, Online News and Conventional News	Ben Sayre, Leticia Bode, Dhavan Shah, Dave Wilcox, Chirag Shah,	10 August 2012
            	First published: 10 August 2012	https://onlinelibrary.wiley.com
The Need for an Innovation Principle in Regulatory Impact Assessment: The Case of Finance and Innovation in Europe	Peteris Zilgalvis,	18 December 2014
            	First published: 18 December 2014	https://onlinelibrary.wiley.com
Citizenship in the Digital Age: The Case of Denmark	Jakob Linaa Jensen,	10 August 2012
            	First published: 10 August 2012	https://onlinelibrary.wiley.com
Regulatory Federalism in the Age of Broadband: A U.S. Perspective	Michael J. Santorelli,	10 August 2012
            	First published: 10 August 2012	https://onlinelibrary.wiley.com
Fifteen Minutes of Fame: The Power of Blogs in the Lifecycle of Viral Political Information	Karine Nahon, Jeff Hemsley, Shawn Walker, Muzammil Hussain,	10 August 2012
            	First published: 10 August 2012	https://onlinelibrary.wiley.com
Platform Logic: An Interdisciplinary Approach to the Platform-Based Economy	Jonas Andersson Schwarz,	03 August 2017
            	First published: 03 August 2017	https://onlinelibrary.wiley.com
Surfing the Net: A Pathway to Participation for the Politically Uninterested?	Rosa Borge, Ana S. Cardenal,	10 August 2012
            	First published: 10 August 2012	https://onlinelibrary.wiley.com
Of States and Borders on the Internet: The Role of Domain Name Extensions in Expressions of Nationalism Online in Kazakhstan	Irina Shklovski, David M. Struthers,	10 August 2012
            	First published: 10 August 2012	https://onlinelibrary.wiley.com
Chinese Social Media and Big Data: Big Data, Big Brother, Big Profit?	Min Jiang, King-Wa Fu,	23 December 2018
            	First published: 23 December 2018	https://onlinelibrary.wiley.com
Regulatory response? Tracking the influence of technological developments on privacy regulation in Denmark from 2000 to 2011	Rasmus Helles, Stine Lomborg,	21 October 2013
            	First published: 21 October 2013	https://onlinelibrary.wiley.com
e-Government in the Age of Social Media: An Analysis of the Canadian Government's Use of Twitter	Tamara A. Small,	23 January 2013
            	First published: 23 January 2013	https://onlinelibrary.wiley.com
Teenage Folly or Child Abuse? State Responses to ""Sexting"" by Minors in the U.S. and Germany	Sandra Schmitz, Lawrence Siry,	10 August 2012
            	First published: 10 August 2012	https://onlinelibrary.wiley.com
Overcoming the Warez Paradox: Online Piracy Groups and Situational Crime Prevention	Jonathan Basamanowicz, Martin Bouchard,	10 August 2012
            	First published: 10 August 2012	https://onlinelibrary.wiley.com
Big Data and Positive Change in the Developing World	Linnet Taylor, Josh Cowls, Ralph Schroeder, Eric T. Meyer,	18 December 2014
            	First published: 18 December 2014	https://onlinelibrary.wiley.com
Theoretical Approaches to Digital Services and Digital Democracy: The Merits of the Contextual New Medium Theory Model	Jens Hoff, Christian Elling Scheele,	17 September 2014
            	First published: 17 September 2014	https://onlinelibrary.wiley.com
Crowdsourced Deliberation: The Case of the Law on Off-Road Traffic in Finland	Tanja Aitamurto, Helene Landemore,	27 April 2016
            	First published: 27 April 2016	https://onlinelibrary.wiley.com
A Platform for Individualized Campaigning? Social Media and Parliamentary Candidates in the 2009 Norwegian Election Campaign	Rune Karlsen,	10 August 2012
            	First published: 10 August 2012	https://onlinelibrary.wiley.com
The Unheavenly Chorus: Political Voices of Organized Interests on Social Media	Sounman Hong, Daniel Nadler,	18 December 2015
            	First published: 18 December 2015	https://onlinelibrary.wiley.com
Cleavage Structures and Dimensions of Ideology in English Politics: Evidence From Voting Advice Application Data	Jonathan Wheatley,	29 August 2016
            	First published: 29 August 2016	https://onlinelibrary.wiley.com
Event Prediction With Learning Algorithms-A Study of Events Surrounding the Egyptian Revolution of 2011 on the Basis of Micro Blog Data	Benedikt Boecking, Margeret Hall, Jeff Schneider,	05 May 2015
            	First published: 05 May 2015	https://onlinelibrary.wiley.com
Islamophobia and Twitter: A Typology of Online Hate Against Muslims on Social Media	Imran Awan,	27 June 2014
            	First published: 27 June 2014	https://onlinelibrary.wiley.com
Research on Voting Advice Applications: State of the Art and Future Directions	Diego Garzia, Stefan Marschall,	24 October 2016
            	First published: 24 October 2016	https://onlinelibrary.wiley.com
The Heterogeneous Engineering of Music Piracy: Applying Actor-Network Theory to Internet-Based Wrongdoing	Sameer Hinduja,	23 January 2013
            	First published: 23 January 2013	https://onlinelibrary.wiley.com
Information Wars and Online Activism During the 2013/2014 Crisis in Ukraine: Examining the Social Structures of Pro- and Anti-Maidan Groups	Anatoliy Gruzd, Ksenia Tsyganova,	27 April 2015
            	First published: 27 April 2015	https://onlinelibrary.wiley.com
Productive Contestation, Civil Society, and Global Governance: Human Rights as a Boundary Object in ICANN	Niels ten Oever,	15 June 2018
            	First published: 15 June 2018	https://onlinelibrary.wiley.com
Impact of Voting Advice Applications (VAAs) on Voter Turnout and Their Potential Use for Civic Education	Jan Fivaz, Giorgio Nadig,	10 August 2012
            	First published: 10 August 2012	https://onlinelibrary.wiley.com
Examining the Link Between Social Media Uses and Gratifications, and Political Tolerance and Dogmatism	Chamil Rathnayake, Jenifer S. Winter,	04 August 2017
            	First published: 04 August 2017	https://onlinelibrary.wiley.com
Multilateral Approaches to Deliberating Internet Governance	J P Singh,	10 August 2012
            	First published: 10 August 2012	https://onlinelibrary.wiley.com
Do Certification Seals Permit a Price Premium for Online Security and Privacy?	Michael R. Hammock,	10 August 2012
            	First published: 10 August 2012	https://onlinelibrary.wiley.com
Online Deliberation in Academia: Evaluating the Quality and Legitimacy of Cooperatively Developed University Regulations	Tobias Escher, Dennis Friess, Katharina Esau, Jost Sieweke, Ulf Tranow, Simon Dischner, Philipp Hagemeister, Martin Mauve,	22 August 2016
            	First published: 22 August 2016	https://onlinelibrary.wiley.com
Accounting for Market Frictions and Power Asymmetries in Online Labor Markets	Sara Constance Kingsley, Mary L. Gray, Siddharth Suri,	15 November 2015
            	First published: 15 November 2015	https://onlinelibrary.wiley.com
Vertical Crowdsourcing in Russia: Balancing Governance of Crowds and State-Citizen Partnership in Emergency Situations	Gregory Asmolov,	14 August 2015
            	First published: 14 August 2015	https://onlinelibrary.wiley.com
Are American Politicians as Partisan Online as They are Offline? Twitter Networks in the U.S. Senate and Maine State Legislature	James M. Cook,	10 December 2015
            	First published: 10 December 2015	https://onlinelibrary.wiley.com
Online Political Efficacy (OPE) as a Reliable Survey Measure of Political Empowerment When Using the Internet	Fumiko Sasaki,	17 April 2016
            	First published: 17 April 2016	https://onlinelibrary.wiley.com
Causation, Correlation, and Big Data in Social Science Research	Josh Cowls, Ralph Schroeder,	30 August 2015
            	First published: 30 August 2015	https://onlinelibrary.wiley.com
The Case of Roshonara Choudhry: Implications for Theory on Online Radicalization, ISIS Women, and the Gendered Jihad	Elizabeth Pearson,	29 September 2015
            	First published: 29 September 2015	https://onlinelibrary.wiley.com
The Power of Default on Reddit: A General Model to Measure the Influence of Information Intermediaries	Pascal Jurgens, Birgit Stark,	25 October 2017
            	First published: 25 October 2017	https://onlinelibrary.wiley.com
Do VAAs Encourage Issue Voting and Promissory Representation? Evidence From the Swiss Smartvote	Andreas Ladner,	05 October 2016
            	First published: 05 October 2016	https://onlinelibrary.wiley.com
How Does Social Capital Associate With Being a Victim of Online Hate? Survey Evidence From the United States, the United Kingdom, Germany, and Finland	Markus Kaakinen, Teo Keipi, Atte Oksanen, Pekka Rasanen,	15 June 2018
            	First published: 15 June 2018	https://onlinelibrary.wiley.com
Ideological and Temporal Components of Network Polarization in Online Political Participatory Media	David Garcia, Adiya Abisheva, Simon Schweighofer, Uwe Serdult, Frank Schweitzer,	24 March 2015
            	First published: 24 March 2015	https://onlinelibrary.wiley.com
Understanding Popularity, Reputation, and Social Influence in the Twitter Society	David Garcia, Pavlin Mavrodiev, Daniele Casati, Frank Schweitzer,	25 April 2017
            	First published: 25 April 2017	https://onlinelibrary.wiley.com
Another Digital Divide? Evidence That Elimination of Paper Voting Could Lead to Digital Disenfranchisement	Nicole Goodman, Michael McGregor, Jerome Couture, Sandra Breux,	17 January 2018
            	First published: 17 January 2018	https://onlinelibrary.wiley.com
Discriminating Tastes: Uber's Customer Ratings as Vehicles for Workplace Discrimination	Alex Rosenblat, Karen E.C. Levy, Solon Barocas, Tim Hwang,	28 June 2017
            	First published: 28 June 2017	https://onlinelibrary.wiley.com
Online Campaigning by Austrian Political Candidates: Determinants of Using Personal Websites, Facebook, and Twitter	Martin Dolezal,	24 March 2015
            	First published: 24 March 2015	https://onlinelibrary.wiley.com
Strategic, Structural, and Individual Determinants of Online Campaigning in German Elections	Julia Metag, Frank Marcinkowski,	23 January 2013
            	First published: 23 January 2013	https://onlinelibrary.wiley.com
The Neo-Humanitarians: Assessing the Credibility of Organized Volunteer Crisis Mappers	Elizabeth Resor,	10 December 2015
            	First published: 10 December 2015	https://onlinelibrary.wiley.com
Brokerage Roles and Strategic Positions in Twitter Networks of the 2011 Egyptian Revolution	Deena Abul-Fottouh,	14 February 2018
            	First published: 14 February 2018	https://onlinelibrary.wiley.com
Leaders or Brokers? Potential Influencers in Online Parliamentary Networks	Marc Esteve Del Valle, Rosa Borge Bravo,	30 May 2017
            	First published: 30 May 2017	https://onlinelibrary.wiley.com
Structuring Citizen-Government Relationships: Regimes, Regulators, Media, and Citizen Discourse Online	Jill L. Tao,	28 January 2014
            	First published: 28 January 2014	https://onlinelibrary.wiley.com
Clicktivism: A Systematic Heuristic	Max Halupka,	27 June 2014
            	First published: 27 June 2014	https://onlinelibrary.wiley.com
Erratum		24 March 2015
            	First published: 24 March 2015	https://onlinelibrary.wiley.com
Big data + politics = open data: The case of health care data in England	Justin Keen, Radu Calinescu, Richard Paige, John Rooksby,	22 July 2013
            	First published: 22 July 2013	https://onlinelibrary.wiley.com
Could Internet Voting Halt Declining Electoral Turnout? New Evidence That E-Voting Is Habit Forming	Mihkel Solvak, Kristjan Vassil,	04 August 2017
            	First published: 04 August 2017	https://onlinelibrary.wiley.com
